Denial,1,Name1,1,00:00,23:59,2100-12-31_23:59,2
Allowed,101,Name101,101,00:00,23:59,2100-12-31_23:59,2
Denial,2,Name2,2,00:00,23:59,2100-12-31_23:59,2
Allowed,102,Name102,102,00:00,23:59,2100-12-31_23:59,2
Denial,3,Name3,3,00:00,23:59,2100-12-31_23:59,2
Allowed,103,Name103,103,00:00,23:59,2100-12-31_23:59,2
Denial,4,Name4,4,00:00,23:59,2100-12-31_23:59,2
Allowed,104,Name104,104,00:00,23:59,2100-12-31_23:59,2
Denial,5,Name5,5,00:00,23:59,2100-12-31_23:59,2
Allowed,105,Name105,105,00:00,23:59,2100-12-31_23:59,2
Denial,6,Name6,6,00:00,23:59,2100-12-31_23:59,2
Allowed,106,Name106,106,00:00,23:59,2100-12-31_23:59,2
Denial,7,Name7,7,00:00,23:59,2100-12-31_23:59,2
Allowed,107,Name107,107,00:00,23:59,2100-12-31_23:59,2
Denial,8,Name8,8,00:00,23:59,2100-12-31_23:59,2
Allowed,108,Name108,108,00:00,23:59,2100-12-31_23:59,2
Denial,9,Name9,9,00:00,23:59,2100-12-31_23:59,2
Allowed,109,Name109,109,00:00,23:59,2100-12-31_23:59,2
Denial,10,Name10,10,00:00,23:59,2100-12-31_23:59,2
Allowed,111,Name111,111,00:00,23:59,2100-12-31_23:59,2
Denial,11,Name11,11,00:00,23:59,2100-12-31_23:59,2
Allowed,112,Name112,112,00:00,23:59,2100-12-31_23:59,2
Denial,12,Name12,12,00:00,23:59,2100-12-31_23:59,2
Allowed,113,Name113,113,00:00,23:59,2100-12-31_23:59,2
Denial,13,Name13,13,00:00,23:59,2100-12-31_23:59,2
Allowed,114,Name114,114,00:00,23:59,2100-12-31_23:59,2
Denial,14,Name14,14,00:00,23:59,2100-12-31_23:59,2
Allowed,115,Name115,115,00:00,23:59,2100-12-31_23:59,2
Denial,15,Name15,15,00:00,23:59,2100-12-31_23:59,2
Allowed,116,Name116,116,00:00,23:59,2100-12-31_23:59,2
Denial,16,Name16,16,00:00,23:59,2100-12-31_23:59,2
Allowed,117,Name117,117,00:00,23:59,2100-12-31_23:59,2
Denial,17,Name17,17,00:00,23:59,2100-12-31_23:59,2
Allowed,118,Name118,118,00:00,23:59,2100-12-31_23:59,2
Denial,18,Name18,18,00:00,23:59,2100-12-31_23:59,2
Allowed,119,Name119,119,00:00,23:59,2100-12-31_23:59,2
Denial,19,Name19,19,00:00,23:59,2100-12-31_23:59,2
Allowed,120,Name120,120,00:00,23:59,2100-12-31_23:59,2
Denial,20,Name20,20,00:00,23:59,2100-12-31_23:59,2
Allowed,121,Name121,121,00:00,23:59,2100-12-31_23:59,2
Denial,21,Name21,21,00:00,23:59,2100-12-31_23:59,2
Allowed,122,Name122,122,00:00,23:59,2100-12-31_23:59,2
Denial,22,Name22,22,00:00,23:59,2100-12-31_23:59,2
Allowed,123,Name123,123,00:00,23:59,2100-12-31_23:59,2
Denial,23,Name23,23,00:00,23:59,2100-12-31_23:59,2
Allowed,124,Name124,124,00:00,23:59,2100-12-31_23:59,2
Denial,24,Name24,24,00:00,23:59,2100-12-31_23:59,2
Allowed,125,Name125,125,00:00,23:59,2100-12-31_23:59,2
Denial,25,Name25,25,00:00,23:59,2100-12-31_23:59,2
Allowed,126,Name126,126,00:00,23:59,2100-12-31_23:59,2
Denial,26,Name26,26,00:00,23:59,2100-12-31_23:59,2
Allowed,127,Name127,127,00:00,23:59,2100-12-31_23:59,2
Denial,27,Name27,27,00:00,23:59,2100-12-31_23:59,2
Allowed,128,Name128,128,00:00,23:59,2100-12-31_23:59,2
Denial,28,Name28,28,00:00,23:59,2100-12-31_23:59,2
Allowed,129,Name129,129,00:00,23:59,2100-12-31_23:59,2
Denial,29,Name29,29,00:00,23:59,2100-12-31_23:59,2
Allowed,130,Name130,130,00:00,23:59,2100-12-31_23:59,2
Denial,30,Name30,30,00:00,23:59,2100-12-31_23:59,2
Allowed,131,Name131,131,00:00,23:59,2100-12-31_23:59,2
Denial,31,Name31,31,00:00,23:59,2100-12-31_23:59,2
Allowed,132,Name132,132,00:00,23:59,2100-12-31_23:59,2
Denial,32,Name32,32,00:00,23:59,2100-12-31_23:59,2
Allowed,133,Name133,133,00:00,23:59,2100-12-31_23:59,2
Denial,33,Name33,33,00:00,23:59,2100-12-31_23:59,2
Allowed,134,Name134,134,00:00,23:59,2100-12-31_23:59,2
Denial,34,Name34,34,00:00,23:59,2100-12-31_23:59,2
Allowed,135,Name135,135,00:00,23:59,2100-12-31_23:59,2
Denial,35,Name35,35,00:00,23:59,2100-12-31_23:59,2
Allowed,136,Name136,136,00:00,23:59,2100-12-31_23:59,2
Denial,36,Name36,36,00:00,23:59,2100-12-31_23:59,2
Allowed,137,Name137,137,00:00,23:59,2100-12-31_23:59,2
Denial,37,Name37,37,00:00,23:59,2100-12-31_23:59,2
Allowed,138,Name138,138,00:00,23:59,2100-12-31_23:59,2
Denial,38,Name38,38,00:00,23:59,2100-12-31_23:59,2
Allowed,139,Name139,139,00:00,23:59,2100-12-31_23:59,2
Denial,39,Name39,39,00:00,23:59,2100-12-31_23:59,2
Allowed,140,Name140,140,00:00,23:59,2100-12-31_23:59,2
Denial,40,Name40,40,00:00,23:59,2100-12-31_23:59,2
Allowed,141,Name141,141,00:00,23:59,2100-12-31_23:59,2
Denial,41,Name41,41,00:00,23:59,2100-12-31_23:59,2
Allowed,142,Name142,142,00:00,23:59,2100-12-31_23:59,2
Denial,42,Name42,42,00:00,23:59,2100-12-31_23:59,2
Allowed,143,Name143,143,00:00,23:59,2100-12-31_23:59,2
Denial,43,Name43,43,00:00,23:59,2100-12-31_23:59,2
Allowed,144,Name144,144,00:00,23:59,2100-12-31_23:59,2
Denial,44,Name44,44,00:00,23:59,2100-12-31_23:59,2
Allowed,145,Name145,145,00:00,23:59,2100-12-31_23:59,2
Denial,45,Name45,45,00:00,23:59,2100-12-31_23:59,2
Allowed,146,Name146,146,00:00,23:59,2100-12-31_23:59,2
Denial,46,Name46,46,00:00,23:59,2100-12-31_23:59,2
Allowed,147,Name147,147,00:00,23:59,2100-12-31_23:59,2
Denial,47,Name47,47,00:00,23:59,2100-12-31_23:59,2
Allowed,148,Name148,148,00:00,23:59,2100-12-31_23:59,2
Denial,48,Name48,48,00:00,23:59,2100-12-31_23:59,2
Allowed,149,Name149,149,00:00,23:59,2100-12-31_23:59,2
Denial,49,Name49,49,00:00,23:59,2100-12-31_23:59,2
Allowed,150,Name150,150,00:00,23:59,2100-12-31_23:59,2
Denial,50,Name50,50,00:00,23:59,2100-12-31_23:59,2
Allowed,151,Name151,151,00:00,23:59,2100-12-31_23:59,2
Denial,51,Name51,51,00:00,23:59,2100-12-31_23:59,2
Allowed,152,Name152,152,00:00,23:59,2100-12-31_23:59,2
Denial,52,Name52,52,00:00,23:59,2100-12-31_23:59,2
Allowed,153,Name153,153,00:00,23:59,2100-12-31_23:59,2
Denial,53,Name53,53,00:00,23:59,2100-12-31_23:59,2
Allowed,154,Name154,154,00:00,23:59,2100-12-31_23:59,2
Denial,54,Name54,54,00:00,23:59,2100-12-31_23:59,2
Allowed,155,Name155,155,00:00,23:59,2100-12-31_23:59,2
Denial,55,Name55,55,00:00,23:59,2100-12-31_23:59,2
Allowed,156,Name156,156,00:00,23:59,2100-12-31_23:59,2
Denial,56,Name56,56,00:00,23:59,2100-12-31_23:59,2
Allowed,157,Name157,157,00:00,23:59,2100-12-31_23:59,2
Denial,57,Name57,57,00:00,23:59,2100-12-31_23:59,2
Allowed,158,Name158,158,00:00,23:59,2100-12-31_23:59,2
Denial,58,Name58,58,00:00,23:59,2100-12-31_23:59,2
Allowed,159,Name159,159,00:00,23:59,2100-12-31_23:59,2
Denial,59,Name59,59,00:00,23:59,2100-12-31_23:59,2
Allowed,160,Name160,160,00:00,23:59,2100-12-31_23:59,2
Denial,60,Name60,60,00:00,23:59,2100-12-31_23:59,2
Allowed,161,Name161,161,00:00,23:59,2100-12-31_23:59,2
Denial,61,Name61,61,00:00,23:59,2100-12-31_23:59,2
Allowed,162,Name162,162,00:00,23:59,2100-12-31_23:59,2
Denial,62,Name62,62,00:00,23:59,2100-12-31_23:59,2
Allowed,163,Name163,163,00:00,23:59,2100-12-31_23:59,2
Denial,63,Name63,63,00:00,23:59,2100-12-31_23:59,2
Allowed,164,Name164,164,00:00,23:59,2100-12-31_23:59,2
Denial,64,Name64,64,00:00,23:59,2100-12-31_23:59,2
Allowed,165,Name165,165,00:00,23:59,2100-12-31_23:59,2
Denial,65,Name65,65,00:00,23:59,2100-12-31_23:59,2
Allowed,166,Name166,166,00:00,23:59,2100-12-31_23:59,2
Denial,66,Name66,66,00:00,23:59,2100-12-31_23:59,2
Allowed,167,Name167,167,00:00,23:59,2100-12-31_23:59,2
Denial,67,Name67,67,00:00,23:59,2100-12-31_23:59,2
Allowed,168,Name168,168,00:00,23:59,2100-12-31_23:59,2
Denial,68,Name68,68,00:00,23:59,2100-12-31_23:59,2
Allowed,169,Name169,169,00:00,23:59,2100-12-31_23:59,2
Denial,69,Name69,69,00:00,23:59,2100-12-31_23:59,2
Allowed,170,Name170,170,00:00,23:59,2100-12-31_23:59,2
Denial,70,Name70,70,00:00,23:59,2100-12-31_23:59,2
Allowed,171,Name171,171,00:00,23:59,2100-12-31_23:59,2
Denial,71,Name71,71,00:00,23:59,2100-12-31_23:59,2
Allowed,172,Name172,172,00:00,23:59,2100-12-31_23:59,2
Denial,72,Name72,72,00:00,23:59,2100-12-31_23:59,2
Allowed,173,Name173,173,00:00,23:59,2100-12-31_23:59,2
Denial,73,Name73,73,00:00,23:59,2100-12-31_23:59,2
Allowed,174,Name174,174,00:00,23:59,2100-12-31_23:59,2
Denial,74,Name74,74,00:00,23:59,2100-12-31_23:59,2
Allowed,175,Name175,175,00:00,23:59,2100-12-31_23:59,2
Denial,75,Name75,75,00:00,23:59,2100-12-31_23:59,2
Allowed,176,Name176,176,00:00,23:59,2100-12-31_23:59,2
Denial,76,Name76,76,00:00,23:59,2100-12-31_23:59,2
Allowed,177,Name177,177,00:00,23:59,2100-12-31_23:59,2
Denial,77,Name77,77,00:00,23:59,2100-12-31_23:59,2
Allowed,178,Name178,178,00:00,23:59,2100-12-31_23:59,2
Denial,78,Name78,78,00:00,23:59,2100-12-31_23:59,2
Allowed,179,Name179,179,00:00,23:59,2100-12-31_23:59,2
Denial,79,Name79,79,00:00,23:59,2100-12-31_23:59,2
Allowed,180,Name180,180,00:00,23:59,2100-12-31_23:59,2
Denial,80,Name80,80,00:00,23:59,2100-12-31_23:59,2
Allowed,181,Name181,181,00:00,23:59,2100-12-31_23:59,2
Denial,81,Name81,81,00:00,23:59,2100-12-31_23:59,2
Allowed,182,Name182,182,00:00,23:59,2100-12-31_23:59,2
Denial,82,Name82,82,00:00,23:59,2100-12-31_23:59,2
Allowed,183,Name183,183,00:00,23:59,2100-12-31_23:59,2
Denial,83,Name83,83,00:00,23:59,2100-12-31_23:59,2
Allowed,184,Name184,184,00:00,23:59,2100-12-31_23:59,2
Denial,84,Name84,84,00:00,23:59,2100-12-31_23:59,2
Allowed,185,Name185,185,00:00,23:59,2100-12-31_23:59,2
Denial,85,Name85,85,00:00,23:59,2100-12-31_23:59,2
Allowed,186,Name186,186,00:00,23:59,2100-12-31_23:59,2
Denial,86,Name86,86,00:00,23:59,2100-12-31_23:59,2
Allowed,187,Name187,187,00:00,23:59,2100-12-31_23:59,2
Denial,87,Name87,87,00:00,23:59,2100-12-31_23:59,2
Allowed,188,Name188,188,00:00,23:59,2100-12-31_23:59,2
Denial,88,Name88,88,00:00,23:59,2100-12-31_23:59,2
Allowed,189,Name189,189,00:00,23:59,2100-12-31_23:59,2
Denial,89,Name89,89,00:00,23:59,2100-12-31_23:59,2
Allowed,190,Name190,190,00:00,23:59,2100-12-31_23:59,2
Denial,90,Name90,90,00:00,23:59,2100-12-31_23:59,2
Allowed,191,Name191,191,00:00,23:59,2100-12-31_23:59,2
Denial,91,Name91,91,00:00,23:59,2100-12-31_23:59,2
Allowed,192,Name192,192,00:00,23:59,2100-12-31_23:59,2
Denial,92,Name92,92,00:00,23:59,2100-12-31_23:59,2
Allowed,193,Name193,193,00:00,23:59,2100-12-31_23:59,2
Denial,93,Name93,93,00:00,23:59,2100-12-31_23:59,2
Allowed,194,Name194,194,00:00,23:59,2100-12-31_23:59,2
Denial,94,Name94,94,00:00,23:59,2100-12-31_23:59,2
Allowed,195,Name195,195,00:00,23:59,2100-12-31_23:59,2
Denial,95,Name95,95,00:00,23:59,2100-12-31_23:59,2
Allowed,196,Name196,196,00:00,23:59,2100-12-31_23:59,2
Denial,96,Name96,96,00:00,23:59,2100-12-31_23:59,2
Allowed,197,Name197,197,00:00,23:59,2100-12-31_23:59,2
Denial,97,Name97,97,00:00,23:59,2100-12-31_23:59,2
Allowed,198,Name198,198,00:00,23:59,2100-12-31_23:59,2
Denial,98,Name98,98,00:00,23:59,2100-12-31_23:59,2
Allowed,199,Name199,199,00:00,23:59,2100-12-31_23:59,2
Denial,99,Name99,99,00:00,23:59,2100-12-31_23:59,2
Allowed,200,Name200,200,00:00,23:59,2100-12-31_23:59,2
Denial,100,Name100,100,00:00,23:59,2100-12-31_23:59,2
Allowed,201,Name201,201,00:00,23:59,2100-12-31_23:59,2
Allowed,202,Name202,202,00:00,23:59,2100-12-31_23:59,2
Allowed,203,Name203,203,00:00,23:59,2100-12-31_23:59,2
Allowed,204,Name204,204,00:00,23:59,2100-12-31_23:59,2
Allowed,205,Name205,205,00:00,23:59,2100-12-31_23:59,2
Allowed,206,Name206,206,00:00,23:59,2100-12-31_23:59,2
